<?xml version="1.0"?>
<doc>
    <assembly>
        <name>Hahn.ApplicatonProcess.December2020.Web</name>
    </assembly>
    <members>
        <member name="M:Hahn.ApplicatonProcess.December2020.Web.Controllers.ApplicantController.Get(System.Int32)">
            <summary>
            
            </summary>
            <param name="id" example="1"></param>
            <returns></returns>
        </member>
        <member name="M:Hahn.ApplicatonProcess.December2020.Web.Controllers.ApplicantController.Delete(System.Int32)">
            <summary>
            
            </summary>
            <param name="id" example= "1"></param>
            <returns></returns>
        </member>
        <member name="M:Hahn.ApplicatonProcess.December2020.Web.Controllers.ApplicantController.Update(System.Int32,Hahn.ApplicatonProcess.December2020.Web.Models.ApplicantViewModel)">
            <summary>
            
            </summary>
            <param name="id" example= "1"></param>
            <param name="requestBody"></param>
            <returns></returns>
        </member>
        <member name="P:Hahn.ApplicatonProcess.December2020.Web.Models.ApplicantViewModel.Name">
            <example>Anthony</example>
        </member>
        <member name="P:Hahn.ApplicatonProcess.December2020.Web.Models.ApplicantViewModel.FamilyName">
            <example> Robinson Jnr.</example>
        </member>
        <member name="P:Hahn.ApplicatonProcess.December2020.Web.Models.ApplicantViewModel.Address">
            <example>560, State Street </example>
        </member>
        <member name="P:Hahn.ApplicatonProcess.December2020.Web.Models.ApplicantViewModel.EMailAdress">
            <example> johndoe@gmail.com</example>
        </member>
        <member name="P:Hahn.ApplicatonProcess.December2020.Web.Models.ApplicantViewModel.Age">
            <example> 24</example>
        </member>
        <member name="P:Hahn.ApplicatonProcess.December2020.Web.Models.ApplicantViewModel.CountryOfOrigin">
            <example>Senegal</example>
        </member>
        <member name="P:Hahn.ApplicatonProcess.December2020.Web.Models.ApplicantViewModel.Hired">
            <example> true</example>
        </member>
    </members>
</doc>
