{
  "name": "FrontEndApp",
  "type": "project:application",
  "paths": {
    "root": "src",
    "resources": "resources",
    "elements": "resources/elements",
    "attributes": "resources/attributes",
    "valueConverters": "resources/value-converters",
    "bindingBehaviors": "resources/binding-behaviors"
  },
  "transpiler": {
    "id": "typescript",
    "fileExtension": ".ts"
  },
  "build": {
    "options": {
      "server": "dev",
      "extractCss": "prod",
      "coverage": false
    }
  },

  "dependencies":[
    "jquery",
    {
      "name": "bootstrap",
      "path": "../node_modules/bootstrap/dist",
      "main": "js/bootstrap.bundle.min",
      "deps": ["jquery"],
      "exports": "$",
      "resources": [
        "css/bootstrap.css"
      ]
    },
    {
      "name": "aurelia-validation",
      "path": "../node_modules/aurelia-validation/dist/amd",
      "main": "aurelia-validation"
  }

  ],

  

  "platform": {
    "hmr": false,
    "open": false,
    "port": 8080,
    "host": "localhost",
    "output": "dist"
  }
}
